RMS,Peak_to_Peak,Kurtosis,Skewness,Crest_Factor,Dominant_Freq_Hz,Spectral_Energy,Fault_Type,Fault_Label
0.07325644879367166,0.4906633846153846,-0.04582380725790891,-0.1373218084174156,3.348943285507522,1037.109375,0.0027553137597645517,Healthy,0
0.07450710983986383,0.48523938461538463,-0.11633848943581171,-0.010098870031259808,3.256329400363917,1037.109375,0.002861672046096662,Healthy,0
0.07903500998776483,0.4497747692307692,-0.18457978069835645,-0.06234781547794236,2.8454147680907327,1037.109375,0.0032050627142601188,Healthy,0
0.07791642496821381,0.4497747692307692,-0.15065664928791156,-0.10381923541383473,2.8862641568466203,1037.109375,0.0031092715622889674,Healthy,0
0.07433775179771179,0.421403076923077,-0.2217597461214953,0.02596008257067963,2.834381365674071,1037.109375,0.0028345575622902497,Healthy,0
0.0729911553957015,0.46855015384615384,-0.1796156457148057,-0.021942586980997724,3.209636505313814,1037.109375,0.002721533927010865,Healthy,0
0.07368834391955426,0.4967132307692308,-0.06903485417689437,-0.14753546467773285,3.3703650017667233,1037.109375,0.0027678736754344624,Healthy,0
0.07314638411017783,0.4629175384615385,0.019776821117018617,-0.1322863112954118,3.164322776121524,1037.109375,0.002733585422398536,Healthy,0
0.07211185268916011,0.4282873846153846,-0.20560065019250162,-0.08345110709392911,2.9696046394864366,1037.109375,0.0026607400699632335,Healthy,0
0.07049896605984393,0.41264123076923076,-0.1981486282418734,-0.05847925886378036,2.9265764721921954,1037.109375,0.0025378139916738033,Healthy,0
0.07266614145569184,0.40805169230769234,-0.10070909639474657,-0.14113279966423084,2.8077154238091877,1037.109375,0.002710193003150562,Healthy,0
0.07279441313670793,0.40805169230769234,-0.2340865066480462,-0.16063967135103116,2.8027679235587155,1037.109375,0.0027164116998048627,Healthy,0
0.07166682630573706,0.4526953846153846,-0.18993833126430992,-0.10265323035996105,3.1583328574098273,1037.109375,0.00262789635087406,Healthy,0
0.07293988665090212,0.4526953846153846,-0.18765458612951802,-0.07432998210560984,3.1032087202303438,1037.109375,0.002724941453170074,Healthy,0
0.07243872524010757,0.4061741538461538,-0.29292266786107257,-0.04644471570872232,2.8035705522138663,1037.109375,0.002696330927137283,Healthy,0
0.07286423725784501,0.4065913846153846,-0.31626470147015073,-0.10476614380934923,2.790061351884998,1037.109375,0.002722686707612614,Healthy,0
0.07426014848654501,0.41660492307692304,-0.38605662994159884,-0.05782197532282047,2.805036965098491,1037.109375,0.0028274228237153073,Healthy,0
0.07495101564690124,0.45874523076923074,-0.32731182347461596,-0.05884939826321824,3.060300296198835,1037.109375,0.002890213680991047,Healthy,0
0.07127932100709587,0.4345458461538461,-0.24889797338631814,-0.09138705427011781,3.048190134348972,1037.109375,0.0026051593035569176,Healthy,0
0.07392678082655059,0.45791076923076923,-0.16604472863743247,-0.01729530997177492,3.097056060814648,1037.109375,0.0028044094019095164,Healthy,0
0.07458349659635476,0.45791076923076923,-0.17652053398837797,-0.066073484696747,3.069786146585339,1037.109375,0.0028681494958661836,Healthy,0
0.07273361441366988,0.4159790769230769,-0.3467627785639751,-0.11876575504451929,2.8596068013147984,1037.109375,0.0027299206044374795,Healthy,0
0.07403313923718553,0.425784,-0.32247768164176405,-0.06011655506043045,2.875631132133164,1037.109375,0.0028124467462493676,Healthy,0
0.07285535844163563,0.41493599999999997,-0.3259438729097952,-0.09064971793092413,2.8476697450634663,1037.109375,0.0027317298138347253,Healthy,0
0.07484937491564357,0.4266184615384615,-0.278472148121403,-0.15881393832589702,2.8498465218932507,1037.109375,0.0028656879422225335,Healthy,0
0.07555871667051986,0.4266184615384615,-0.3601357585701783,-0.1077093154072026,2.823092293896197,1037.109375,0.0028986979018195487,Healthy,0
0.07591204526850796,0.4101378461538462,-0.4538303682198723,-0.12921532702385147,2.701401633318866,1037.109375,0.0029297698827780907,Healthy,0
0.07351290419808884,0.5182006153846154,0.0012347064068554126,-0.1595878980111176,3.5245554575579354,1037.109375,0.002745515731551025,Healthy,0
0.07078187250846599,0.5182006153846154,-0.012873752903886704,-0.08503685665157312,3.6605461046727403,1037.109375,0.002541886634934704,Healthy,0
0.07070788121530219,0.42223753846153844,-0.33744489643935927,-0.10916160580429761,2.9857883676067516,1037.109375,0.0025407652640362017,Healthy,0
0.07277435470177654,0.42599261538461536,-0.3526570517335377,-0.12030843479857223,2.926804484425172,1037.109375,0.002700443541674343,Healthy,0
0.0733132472326816,0.4410129230769231,-0.3149771897767719,-0.07214490181917592,3.007730115113004,1037.109375,0.0027315501680399467,Healthy,0
0.0717024986819821,0.42891323076923077,-0.24974125011367576,-0.050178200299876914,2.990922482852129,1037.109375,0.0026282242009473497,Healthy,0
0.07406723443433999,0.4272443076923077,-0.35093750038039984,-0.06369878710583006,2.88416538672749,1037.109375,0.002818868163670354,Healthy,0
0.07302179006072322,0.4272443076923077,-0.29079872201986845,-0.07363637716761186,2.925457643102294,1037.109375,0.0027361130921637685,Healthy,0
0.0712846396661344,0.4493575384615384,-0.18697633451009432,-0.06499451168681994,3.1518538956367714,1037.109375,0.0026256073241821155,Healthy,0
0.07362100689199917,0.4585366153846153,-0.2092389842166047,-0.09073388654217876,3.1141696829634586,1037.109375,0.0028062417323069023,Healthy,0
0.07382890904849945,0.4652123076923077,-0.24354933496898656,-0.01932474177160435,3.1506107410222053,1037.109375,0.0028148253415472423,Healthy,0
0.07130883007100852,0.4132670769230769,-0.2640364322778641,0.03302106853795071,2.8977272275505728,1037.109375,0.002622657457278725,Healthy,0
0.07255685363702137,0.46124861538461537,-0.22060735636478412,0.007567596098822391,3.178532366439799,1037.109375,0.002725508134362111,Healthy,0
0.0739495958760727,0.46124861538461537,-0.23831227660186993,0.030225682158107493,3.1186689387565543,1037.109375,0.002811488947393716,Healthy,0
0.0734313938868372,0.4704276923076923,-0.12679433044179333,0.04062791992456027,3.2031782825248665,1037.109375,0.0027719273738857353,Healthy,0
0.07358844755010466,0.4704276923076923,0.01297587935906952,-0.0237944643461674,3.1963420072654003,1037.109375,0.00280526442103964,Healthy,0
0.07277704660928044,0.425784,-0.16569412233256386,6.445296926850745e-06,2.9252629767041447,1037.109375,0.0027322938035268998,Healthy,0
0.07524466839278834,0.45770215384615376,-0.12599494180206516,0.07565540149469642,3.041425815427085,1037.109375,0.0029178879307248536,Healthy,0
0.07464817728705865,0.45770215384615376,-0.10914638786914299,-0.0134283668640239,3.065728933246861,1037.109375,0.002877953221079966,Healthy,0
0.0750072037528451,0.46437784615384614,-0.25424222075139813,-0.05213521457831165,3.095554979519096,1037.109375,0.0028953362941452326,Healthy,0
0.07577240393134649,0.5319692307692307,-0.01013117285655829,0.08196972694548456,3.5103098434835256,1037.109375,0.002952340186306643,Healthy,0
0.0751859343205781,0.5223729230769231,-0.05507403535255451,0.08392273975477357,3.4738739885151073,1037.109375,0.0029257251710798206,Healthy,0
0.07294314359506916,0.44414215384615385,-0.23408672448811663,-0.04864466011015759,3.0444407243518987,1037.109375,0.0027510915179307827,Healthy,0
0.0708472705995201,0.47313969230769226,-0.015528226689547786,-0.0779666112551666,3.3391525764077716,1037.109375,0.002590065606358998,Healthy,0
0.07315044003495093,0.47313969230769226,-0.09007606127435075,-0.045611923365173605,3.234018087120381,1037.109375,0.0027574782673248804,Healthy,0
0.07189908558450735,0.4326683076923077,-0.33295409271567555,-0.027621378710507568,3.008858208521765,1037.109375,0.0026781251924573434,Healthy,0
0.07092767075048445,0.4093033846153846,-0.36297170572135506,0.03853641808434058,2.885357578252272,1037.109375,0.00260734843599339,Healthy,0
0.07124449083990013,0.4337113846153846,-0.23750755402969226,0.08216044344544653,3.0438240171441207,1037.109375,0.0026217933399151354,Healthy,0
0.07186472596938737,0.4948356923076923,-0.09550691452375748,0.07098591335576536,3.4428273790293193,1037.109375,0.0026676917706203746,Healthy,0
0.07296909242430963,0.4948356923076923,0.0874022277808355,0.15721116141887637,3.3907211660949614,1037.109375,0.002735386548279397,Healthy,0
0.0743816024991088,0.4531126153846154,-0.07225724603929873,0.13404791759812654,3.0458648386208425,1037.109375,0.0028552104738676443,Healthy,0
0.07246702074109333,0.4973390769230769,-0.010910352388599165,-0.06877747498516519,3.4314856043271456,1037.109375,0.00271352465395776,Healthy,0
0.07220697248337878,0.4837790769230769,0.002963628133424212,-0.11127528586602824,3.349947105415875,1037.109375,0.002689829533919058,Healthy,0
0.0729779269741688,0.4282873846153846,-0.19207149814073476,0.022737477970469978,2.9343625009174406,1037.109375,0.002747690678129803,Healthy,0
0.07042709611629526,0.4170221538461538,-0.272216419083394,0.013481280303483556,2.960665545243631,1037.109375,0.0025593530898449118,Healthy,0
0.07081366039628913,0.41013784615384613,-0.24701253820494484,0.03395071795369287,2.8958949718078597,1037.109375,0.0025721007192618848,Healthy,0
0.0731439106162981,0.4272443076923077,-0.13390549759862802,-0.0281929585311544,2.9205733197228594,1037.109375,0.002740645780148632,Healthy,0
0.07483312180507502,0.4389267692307692,-0.17460456845053685,-0.08968708926441976,2.9327038525406146,1037.109375,0.002872241184377036,Healthy,0
0.07206815495376515,0.4389267692307692,-0.15155140862480287,-0.0006065583902400908,3.0452199692940645,1037.109375,0.0026509743421241566,Healthy,0
0.07039759084988641,0.3790541538461538,-0.3510752699820783,0.02537313386085335,2.6922381097844448,1037.109375,0.0025348616223743697,Healthy,0
0.07289493080007312,0.4545729230769231,-0.1764307207194089,0.05656825228156217,3.118000923299231,1037.109375,0.0027293397207030345,Healthy,0
0.07412719547556905,0.4545729230769231,-0.015213404337873992,0.004534809477123014,3.066168362100937,1037.109375,0.0028317454812330375,Healthy,0
0.07251302859232843,0.4253667692307692,-0.3364352547510556,-0.026929169071300475,2.933036845159238,1037.109375,0.0027115016529144133,Healthy,0
0.07073340854840486,0.43892676923076923,-0.3155732821867425,-0.005404426959957424,3.1026835708786695,1037.109375,0.0025795585309245804,Healthy,0
0.0740605654812702,0.45624184615384616,-0.10885235289825879,0.010548526965433758,3.0801941842398506,1037.109375,0.0028063283105926235,Healthy,0
0.07294385486237892,0.4341286153846154,-0.23698631270091441,0.017602631495359185,2.9757723676906944,1037.109375,0.0027336067238515937,Healthy,0
0.07232466024446088,0.44768861538461535,-0.23603415664162153,-0.06118255023666142,3.0949928687629225,1037.109375,0.002703917653970212,Healthy,0
0.07225477481838465,0.44768861538461535,-0.20668982995937668,-0.07214194512391314,3.097986371903443,1037.109375,0.002688254820851864,Healthy,0
0.0713496262200351,0.4485230769230769,-0.2881661032772751,-0.04292973468241748,3.143135435215012,1037.109375,0.002619370602815917,Healthy,0
0.07064597157522767,0.4485230769230769,-0.02739447762463154,-0.09437186999137741,3.174441988142701,1037.109375,0.0025647957966615084,Healthy,0
0.06964167910695954,0.46708984615384613,-0.05738213714981155,-0.042440869877139575,3.353522288258327,1037.109375,0.0025017088048918013,Healthy,0
0.0722293422428201,0.46208307692307693,-0.32287247658304485,-0.024063061608815006,3.198721340765151,1037.109375,0.002674894150827001,Healthy,0
0.07194414267704458,0.3951175384615384,-0.36756721985899166,-0.04631299683061919,2.7460021327602093,1037.109375,0.002664248256806094,Healthy,0
0.0713270824529518,0.3865643076923077,-0.40059741881635214,-0.0759003207240962,2.709800361926272,1037.109375,0.0026301653047015186,Healthy,0
0.07234060626335617,0.3913624615384615,-0.38532194676806597,-0.05275641870666674,2.704998490845552,1037.109375,0.002699085534433883,Healthy,0
0.07288400840542618,0.43830092307692303,-0.3179064389015216,-0.021432132674805548,3.006838761109438,1037.109375,0.002744452627538935,Healthy,0
0.07422286925252414,0.45853661538461543,-0.3658933827578075,-0.020883979383894465,3.088917337758549,1037.109375,0.002852002380206152,Healthy,0
0.07597939550210317,0.43162523076923076,-0.4466763512183576,0.018176553028637334,2.8404097447529906,1037.109375,0.0029860013089593657,Healthy,0
0.07349272943856465,0.4362147692307692,-0.36255612304619866,-0.01708931652799252,2.96774097630581,1037.109375,0.002782855255027748,Healthy,0
0.07214574498580857,0.428496,-0.39604205183169183,-0.0497424423472179,2.969655383586983,1037.109375,0.0026964466400490822,Healthy,0
0.07308007707490488,0.44393353846153844,-0.4002403361953841,-0.031638543509628456,3.037308909831334,1037.109375,0.0027644055895374685,Healthy,0
0.07419094539665526,0.4487316923076923,-0.3818488134742628,-0.021570652459781292,3.024167503922402,1037.109375,0.00283547885431395,Healthy,0
0.07421666610886603,0.4053396923076923,-0.3828422728285181,-0.07779034212827106,2.7307861802436166,1037.109375,0.0028390243115220177,Healthy,0
0.0721670217102362,0.46104,-0.26017117835316705,-0.03300192105017291,3.194256802304798,1037.109375,0.0026684633733013727,Healthy,0
0.0747359547097696,0.45478153846153846,-0.170003812711208,0.051501372686749446,3.0425886725314606,1037.109375,0.0028587513658968277,Healthy,0
0.07753687012579619,0.42515815384615385,-0.39528887222291553,0.002976329750385139,2.741651508220381,1037.109375,0.0030946564930083324,Healthy,0
0.0757676471111686,0.46208307692307693,-0.387261225615386,-0.010046621921638589,3.04934292234979,1037.109375,0.0029517463447220173,Healthy,0
0.07338380042530972,0.46208307692307693,-0.2912447826171687,0.006434952130583017,3.1483997438466456,1037.109375,0.0027762217548573647,Healthy,0
0.07333560958590675,0.4716793846153846,-0.30499404063258106,-0.011369135282286525,3.2158959834025125,1037.109375,0.0027891010935741103,Healthy,0
0.07153011688191448,0.4716793846153846,-0.15629389658662918,-0.04294356698030656,3.297068459947135,1037.109375,0.0026550824533548185,Healthy,0
0.07059264112153917,0.42453230769230765,-0.36838717296974544,-0.03744525539502691,3.0069161668097353,1037.109375,0.0025797165340908463,Healthy,0
0.07167877243394709,0.385104,-0.34737261255209395,-0.09164113907857284,2.686318326355814,1037.109375,0.0026622158785479712,Healthy,0
0.07156417184802748,0.382392,-0.3141484304356803,-0.10273528664430977,2.6716720820303874,1037.109375,0.0026571089022095398,Healthy,0
0.0704005808561356,0.3934486153846154,-0.3736738657039185,-0.049446909324272044,2.7943563149616066,1037.109375,0.002563201352984393,Healthy,0
0.06899138462963796,0.3934486153846154,-0.36280901651509856,0.005994719033500927,2.851432954250306,1037.109375,0.002472304346653875,Healthy,0
0.0710190479093831,0.42077723076923074,-0.4075094852847374,-0.011358506475132698,2.9624251743428207,1037.109375,0.0026105639380421012,Healthy,0
0.07035230066954958,0.4178566153846154,-0.29365159412826136,-0.006459553952678168,2.969743785262415,1037.109375,0.0025455492200906864,Healthy,0
0.0702919059571272,0.40533969230769235,-0.32414240959678997,-0.04280370064691763,2.88326007659345,1037.109375,0.002536627194361259,Healthy,0
0.07051284669327296,0.40533969230769235,-0.4153012771104896,-0.1002633837077748,2.8742258419298965,1037.109375,0.0025444197406798547,Healthy,0
0.07257535871819004,0.43809230769230767,-0.32689075651281074,0.0544705587886661,3.018189061892337,1037.109375,0.002693920934545936,Healthy,0
0.07377249279089124,0.43809230769230767,-0.2785404080852496,0.06625787346316779,2.969211769311389,1037.109375,0.0028014723539830275,Healthy,0
0.07059187064257373,0.41201538461538456,-0.24042456493541664,-0.0965689025205249,2.9182920134071315,1037.109375,0.0025786631301863566,Healthy,0
0.07086038067084803,0.4211944615384615,-0.2527091853740959,-0.01586609412193465,2.9720025319574734,1037.109375,0.002576551268132957,Healthy,0
0.07079740167326909,0.42745292307692306,-0.1801485988392333,0.045629266908789476,3.018846122698286,1037.109375,0.0025756444562114534,Healthy,0
0.07327665047181488,0.4839876923076923,-0.013745130631026559,0.026615646004047044,3.3024687208775547,1037.109375,0.002765378587473741,Healthy,0
0.07253339923850567,0.4839876923076923,-0.011884473832397546,0.08325189165659137,3.336309185760307,1037.109375,0.0027071241796834907,Healthy,0
0.07063793619528518,0.43663199999999996,-0.16012852769727637,-0.008380600149278479,3.090633896727178,1037.109375,0.0025599181106068505,Healthy,0
0.07367118119624048,0.4591624615384615,-0.16880765372512974,-0.053030206402298864,3.1162963188778967,1037.109375,0.0027733027326596288,Healthy,0
0.0755335092227578,0.46437784615384614,-0.14603677891310562,-0.10221276090321305,3.073985645128294,1037.109375,0.0029153674329904134,Healthy,0
0.0758290879614253,0.45832799999999996,-0.1869878523480315,-0.124378210516282,3.0221120438185545,1037.109375,0.0029409096890259155,Healthy,0
0.07216777360581414,0.4362147692307692,-0.3085019568553884,-0.06459108884062113,3.0222268710505564,1037.109375,0.0026841984873569097,Healthy,0
0.07107432235377979,0.43663199999999996,-0.15765265433670672,-0.05287715292494427,3.0716578473067884,1037.109375,0.0026101348457896224,Healthy,0
0.07290598913413918,0.46562953846153843,0.012946898408915608,-0.0012871323441947904,3.1933558819483965,1037.109375,0.0027521655485845827,Healthy,0
0.07280626487592556,0.4577021538461538,-0.13363541268318802,-0.023653582537253994,3.1432882501674633,1037.109375,0.0027578954460368028,Healthy,0
0.07201608099515869,0.4332941538461538,-0.2459490226069705,-0.0382428433255213,3.008315280827918,1037.109375,0.0026990109965672644,Healthy,0
0.07424066453478556,0.42161169230769224,-0.23657744037553785,-0.041551777487183944,2.839492985075218,1037.109375,0.002850845406459395,Healthy,0
0.07589625534069405,0.42161169230769224,-0.36121630603073207,-0.10404051251867459,2.7775526632710723,1037.109375,0.002977741474820332,Healthy,0
0.07383765640769914,0.38677292307692307,-0.5603071147643579,-0.08872296535799477,2.6190763757542133,1037.109375,0.002837964662428907,Healthy,0
0.07161304110061933,0.4080516923076923,-0.47272958897369355,-0.04057481291700376,2.8490040782820722,1037.109375,0.0026705685454790546,Healthy,0
0.07451436737200814,0.4080516923076923,-0.44563321868567485,0.030465435573570183,2.738073922512961,1037.109375,0.0028763852817167332,Healthy,0
0.07606516993241803,0.43475446153846153,-0.39228406233546353,0.027325186843113733,2.8577761801145636,1037.109375,0.0029889645932481865,Healthy,0
0.07335556756349136,0.4504006153846154,-0.2740652260197698,-0.0009486667979391207,3.0699824862971763,1037.109375,0.0027857774551553584,Healthy,0
0.07515720010130306,0.42494953846153843,-0.4435267816561064,-0.05881206361088127,2.8270713776508205,1037.109375,0.002918213962247162,Healthy,0
0.07495579027153415,0.39303138461538456,-0.4828432035407806,-0.05202931191451554,2.621754658256505,1037.109375,0.0029013805866720693,Healthy,0
0.07436127234839385,0.38531261538461536,-0.5286964650455057,-0.03832158845725269,2.5908151058750533,1037.109375,0.002839960145717547,Healthy,0
0.07316021658663868,0.3882332307692308,-0.46818260948600177,-0.0945049215538544,2.6533083749791286,1037.109375,0.002757891659031804,Healthy,0
0.07437852168198457,0.42098584615384615,-0.37886327426921884,-0.016771352727003842,2.83002294636769,1037.109375,0.002857438502868776,Healthy,0
0.07514841192981542,0.4775206153846153,-0.30245552661153763,-0.08052329955672288,3.1771836764201615,1037.109375,0.0029060791648480066,Healthy,0
0.0732034075778718,0.46562953846153843,-0.3111887652616505,-0.16411604643764074,3.1803815824161896,1037.109375,0.0027639235141823488,Healthy,0
0.07608143524133636,0.4725138461538461,-0.29768487161253,-0.02908602389701207,3.105316327531116,1037.109375,0.002973345287502006,Healthy,0
0.07649335151836413,0.4725138461538461,-0.2629635611857255,0.0009808078988472497,3.0885942161941187,1037.109375,0.003007099368123649,Healthy,0
0.07408567260625668,0.40575692307692307,-0.4266808520857919,-0.09473943782231664,2.738430446824722,1037.109375,0.0028509298782271515,Healthy,0
0.07496977232339147,0.40909476923076926,-0.44915896781181663,-0.09375107771409243,2.7283981033454916,1037.109375,0.0029366124119176345,Healthy,0
0.07917422898535767,0.4746,-0.3562223145345511,-0.011520020142203175,2.9971873808065226,1037.109375,0.0032483899326789015,Healthy,0
0.0775549364775451,0.4746,-0.2524865346318834,-0.05227768318330584,3.0597665445668536,1037.109375,0.0031207205529996626,Healthy,0
0.07665586541052027,0.43475446153846153,-0.36946230050080864,-0.07536124243697094,2.835754701940888,1037.109375,0.0030443145647476508,Healthy,0
0.0774759647358552,0.4449766153846154,-0.3771545852558895,-0.058876356719267886,2.8717074830994913,1037.109375,0.003090923581122839,Healthy,0
0.0768444015684553,0.43809230769230767,-0.35205020046051283,-0.12051850705114918,2.8505154490795395,1037.109375,0.003032925030041382,Healthy,0
0.07590283579802505,0.43225107692307685,-0.4459377453453759,-0.09119416719367968,2.847397415251274,1037.109375,0.002965897459275794,Healthy,0
0.07514670224525676,0.4566590769230769,-0.28355763297682746,-0.07234598846109216,3.0384505459246625,1037.109375,0.0029189386239337587,Healthy,0
0.07595037139470802,0.4566590769230769,-0.31709946505159126,-0.1374501131224297,3.0062991696897448,1037.109375,0.0029744314498842974,Healthy,0
0.07421102039807237,0.41869107692307694,-0.35575293160713795,-0.038565409740544815,2.8209494673243465,1037.109375,0.002849496057579799,Healthy,0
0.07563241683039428,0.44309907692307693,-0.24590378680346126,0.036671428382897685,2.9292933869661124,1037.109375,0.0029490680413089914,Healthy,0
0.07567004814588843,0.4539470769230769,-0.21838834459811096,-0.03681028537527628,2.9995162421985477,1037.109375,0.0029492801496872724,Healthy,0
0.0740636530687298,0.4418473846153846,-0.2531508127742592,-0.020090336166463756,2.982889489702579,1037.109375,0.0028213978746984662,Healthy,0
0.07437681215697951,0.4445593846153846,-0.32867414670993567,0.018677493203467163,2.9885617017108683,1037.109375,0.0028430194251745683,Healthy,0
0.07482811912194651,0.4451852307692308,-0.08968862754283258,0.03476411661579746,2.9747188356005423,1037.109375,0.0028850885987479944,Healthy,0
0.0747420893095719,0.44956615384615384,-0.07452118328465485,0.021329520506657002,3.007449738152957,1037.109375,0.0028822612230050815,Healthy,0
0.07328298711979271,0.4410129230769231,-0.1191518372016116,-0.11466916432177165,3.008972071212226,1037.109375,0.002772638663810469,Healthy,0
0.07452108026294448,0.45248676923076925,-0.06295229044818695,-0.11897060461955948,3.035964908413759,1037.109375,0.002850191727134845,Healthy,0
0.07744247958395996,0.47501723076923075,-0.08829332161622538,-0.08784215854244397,3.0669035477759756,1037.109375,0.003067249817623733,Healthy,0
0.07557527430761361,0.4892030769230769,-0.022222891400103695,-0.08261830994945696,3.2365286226542587,1037.109375,0.0029126555809205895,Healthy,0
0.07207634075206153,0.4731396923076923,0.008012225970892128,0.06262755139571867,3.282212216733267,1037.109375,0.0026591307919242475,Healthy,0
0.07558948305889482,0.4650036923076923,-0.08299129379113657,-0.031268627040830485,3.07584913595314,1037.109375,0.002924744851552129,Healthy,0
0.07710764128028298,0.450192,-0.16977166987115533,-0.12250423484927361,2.919243751495207,1037.109375,0.003041036673836962,Healthy,0
0.07456382838892175,0.42411507692307693,-0.2842710229246679,-0.07145761392161849,2.8439733184762908,1037.109375,0.0028467935453397827,Healthy,0
0.07358515000400218,0.39657784615384617,-0.3559836071825093,-0.0697809527928266,2.694686673413569,1037.109375,0.002776439908041664,Healthy,0
0.07337278905220876,0.43934399999999996,-0.2597289489845038,-0.06973589180029328,2.9939164482856353,1037.109375,0.0027685644342772212,Healthy,0
0.07742291475394644,0.46792430769230764,-0.2115848189706453,-0.062295455636658406,3.021872201397948,1037.109375,0.0030665062741206113,Healthy,0
0.07746588905393764,0.45728492307692303,-0.17960423323368868,-0.017155314489258545,2.951524397780593,1037.109375,0.003079535691230687,Healthy,0
0.07453292558607738,0.428496,-0.20871640234195876,-0.009838206646239116,2.874541664845384,1037.109375,0.002865964756386639,Healthy,0
0.07205866801809463,0.42870461538461535,-0.35463748496371617,-0.010539409947579228,2.9746915060722707,1037.109375,0.002680459587744142,Healthy,0
0.0723138319987841,0.49045476923076925,-0.02373627919011323,0.014837024233799033,3.391154608146169,1037.109375,0.0027016632582314687,Healthy,0
0.07228028517437937,0.49045476923076925,0.11832611516735358,-0.04041870256472898,3.3927285154418354,1037.109375,0.00269965113542548,Healthy,0
0.07423228027438243,0.444768,-0.30353179373452743,-0.0316691599332834,2.9957856498279325,1037.109375,0.0028428773735612906,Healthy,0
0.0740907579734369,0.44706276923076926,-0.26587468670445347,-0.028783352842155076,3.0169941667424345,1037.109375,0.0028279534831876464,Healthy,0
0.07250829870375591,0.45019200000000004,-0.03988512931469268,-0.12361162030106651,3.1044170670679394,1037.109375,0.0026975463106385165,Healthy,0
0.07621795894380862,0.44414215384615385,-0.2744541235438076,-0.0972062906101804,2.9136319051366613,1037.109375,0.0029520229531390936,Healthy,0
0.07169462691629927,0.398664,-0.35100831553454315,-0.05503274098327495,2.7802920326611433,1037.109375,0.002613378681369794,Healthy,0
0.07222602736661934,0.4668812307692307,-0.15789586109963416,-0.13229129361498587,3.2320843869713434,1037.109375,0.002646199620727666,Healthy,0
0.07421774755549863,0.4668812307692307,-0.17750416587195872,-0.1176331746999745,3.1453476166203087,1037.109375,0.00278890330879581,Healthy,0
0.07229576319267739,0.40575692307692307,-0.29235101853186896,-0.09244859799998327,2.8062289210194056,1037.109375,0.002647591213916507,Healthy,0
0.07300430995983034,0.513611076923077,-0.02927286970863685,-0.1990064779672806,3.517676402980075,1037.109375,0.002702073780188078,Healthy,0
0.0778922476135969,0.513611076923077,-0.04779181175890779,-0.12902747278068125,3.296933216454142,1037.109375,0.003087263544598653,Healthy,0
0.07870112359735724,0.43955261538461543,-0.32798464147242035,-0.08070974184184013,2.7925434561354563,1037.109375,0.0031501096399142578,Healthy,0
0.07277260544871651,0.417648,-0.3041190495981305,-0.180598533777776,2.8695413433721306,1037.109375,0.002697879701998426,Healthy,0
0.07502202131151309,0.48982892307692305,-0.10153859893550266,-0.08977659169296393,3.2645676197060327,1037.109375,0.0028681250341744445,Healthy,0
0.07604159389369042,0.48982892307692305,-0.09059784311722519,-0.06429321967110166,3.220796001210377,1037.109375,0.002947945778857321,Healthy,0
0.07481930195375194,0.43120800000000004,-0.27492294240973036,-0.07522334312878876,2.881662811199058,1037.109375,0.0028582282972852203,Healthy,0
0.07378739414165271,0.41493599999999997,-0.2608337489630048,-0.037818189893260745,2.8116997816959777,1037.109375,0.0027820255599546547,Healthy,0
0.07358450124877314,0.449148923076923,-0.25298477946299025,-0.04799834533570181,3.051926122040622,1037.109375,0.0027632806626052154,Healthy,0
0.07453174721144858,0.449148923076923,-0.37607884969406324,-0.03291105849085422,3.0131382926169397,1037.109375,0.0028486559533609543,Healthy,0
0.07480143765555838,0.428496,-0.3567177579973726,-0.09683296610204302,2.864223024516689,1037.109375,0.002878270914031791,Healthy,0
0.0756197582245937,0.4332941538461539,-0.28467986315568305,-0.1143487147381386,2.864953313916007,1037.109375,0.0029300384463296306,Healthy,0
0.07478130177644177,0.463752,-0.2849400407638907,0.0017608724617247202,3.1007216308321546,1037.109375,0.002864072816740697,Healthy,0
0.0764556186051299,0.4683415384615385,-0.2700474711505789,-0.019363521806309642,3.062832706124455,1037.109375,0.003010833988926601,Healthy,0
0.07591468399844746,0.4683415384615385,-0.2856775181137041,-0.03649419094291522,3.0846571031706893,1037.109375,0.002983506047967353,Healthy,0
0.07665675249460566,0.43704923076923075,-0.46111000072195996,0.042106511024202584,2.8506897079939955,1037.109375,0.0030365120889481213,Healthy,0
0.07764821344859459,0.4239064615384615,-0.4488937806588398,-0.00373774635006115,2.729660108787307,1037.109375,0.003128331896158853,Healthy,0
0.07575095254682597,0.46855015384615384,-0.3066161611529181,-0.022460203637678845,3.092701399078225,1037.109375,0.002961372187076285,Healthy,0
0.07453193396211791,0.4403870769230769,-0.2843712676729737,0.00040001288778713714,2.9543516014686464,1037.109375,0.0028692346113655853,Healthy,0
0.07478007289732977,0.46145723076923073,-0.2899003821127386,0.03598319523729338,3.085429131653791,1037.109375,0.002888966436925712,Healthy,0
0.07796909324385913,0.45332123076923075,-0.24136955056029974,0.04168327541579022,2.9070572191432693,1037.109375,0.003129666528133655,Healthy,0
0.07949075277937999,0.46729846153846155,-0.3049905367996315,-0.021944522750767678,2.939325929114106,1037.109375,0.0032569020584865506,Healthy,0
0.0772375711575122,0.45832799999999996,-0.36607348188728794,-0.008177911550199004,2.9670016361941394,1037.109375,0.0030839701539711814,Healthy,0
0.07454016292950986,0.436632,-0.32832713479020104,0.0017680972934054212,2.928837172068622,1037.109375,0.002886837314689771,Healthy,0
0.07613154454463326,0.43892676923076923,-0.4236949657432323,0.008023609794386547,2.8826866173287855,1037.109375,0.002998128805571116,Healthy,0
0.07528589907344636,0.4318338461538461,-0.37522985318430147,0.062412087245586056,2.867959680819935,1037.109375,0.0029449493067601816,Healthy,0
0.07528257680196887,0.4424732307692308,-0.2083323676982407,0.0025421401066440885,2.9387492403000395,1037.109375,0.002946559316685419,Healthy,0
0.07420919562235141,0.4424732307692308,-0.21426745929837265,0.041410673242855744,2.98125607654451,1037.109375,0.002855219845634985,Healthy,0
0.07141719280521294,0.40742584615384614,-0.26890033221736864,0.023268141584017292,2.85243531809687,1037.109375,0.0026510889742129523,Healthy,0
0.07393493085215526,0.45373846153846153,-0.21483470410764305,-0.03302389384253936,3.0684985859105236,1037.109375,0.0028333227432640624,Healthy,0
0.07588260544559663,0.45373846153846153,-0.19324006020037565,0.05301757898520624,2.9897396041821818,1037.109375,0.002974759612349832,Healthy,0
0.07409041924663162,0.45707630769230767,-0.19138618142608088,0.0437915613468887,3.0845844330479193,1037.109375,0.0028428129198412584,Healthy,0
0.07318496896579647,0.43579753846153846,-0.284623824332046,0.023271159926433152,2.9773705217065243,1037.109375,0.002764288642247253,Healthy,0
0.07435832186247732,0.4451852307692308,-0.27390503940136,0.030659980857657473,2.993513164488722,1037.109375,0.002847571516995879,Healthy,0
0.0716829843243278,0.4451852307692308,-0.20353404639107842,0.010822115244476313,3.1052364446421605,1037.109375,0.002664477321265149,Healthy,0
0.07408336758375361,0.423072,-0.29989919723471736,0.04924184512962924,2.85537775750882,1037.109375,0.0028572604012610187,Healthy,0
0.07464093433144521,0.4593710769230769,-0.11869774705688707,0.10299887848442647,3.0772061003632833,1037.109375,0.0028940810226461525,Healthy,0
0.07437552616600467,0.4919150769230769,-0.05562857188757997,-0.015938654752502016,3.3069687186153978,1037.109375,0.002856631547880033,Healthy,0
0.07572260097310585,0.45478153846153846,-0.25293601032639,-0.024175943773691193,3.0029445146968854,1037.109375,0.0029641896691045663,Healthy,0
0.07519925811365262,0.45791076923076923,-0.21540013636127453,0.06103867718691926,3.0446495132884452,1037.109375,0.002918325649099757,Healthy,0
0.07540136516137588,0.47084492307692305,-0.08230997279239283,0.05229409214345628,3.1222572832017628,1037.109375,0.0029380268359814115,Healthy,0
0.07198905910303788,0.4591624615384615,-0.12308853813235654,0.008334791019383206,3.189112812832174,1037.109375,0.0026773965474401872,Healthy,0
0.0708521589115603,0.44122153846153844,-0.203319778116414,-0.1029959135735202,3.113677446387229,1037.109375,0.002594180517130028,Healthy,0
0.07267029465717763,0.45415569230769226,-0.11868330111836523,-0.06551495104070536,3.1247684796805446,1037.109375,0.0027327655511157596,Healthy,0
0.07539977775077407,0.45603323076923075,-0.08437248647731632,-0.011173862666708514,3.0241019560866613,1037.109375,0.0029368609832371036,Healthy,0
0.07362153958064377,0.45248676923076925,-0.15447412826903362,-0.017799535269115478,3.073059676612189,1037.109375,0.0028056415573682156,Healthy,0
0.07132008800168597,0.43016492307692306,-0.3073867253542546,0.05222367848911877,3.0157346627695842,1037.109375,0.0026314375446807718,Healthy,0
0.07075132986869821,0.47606030769230767,-0.11919300318641035,0.0802586342693886,3.3643205617179937,1037.109375,0.002597559130783624,Healthy,0
0.0722861160751127,0.47606030769230767,-0.20530958368328722,0.051483102272360595,3.2928889636125427,1037.109375,0.0026994780302985774,Healthy,0
0.07295797112965507,0.4216116923076923,-0.2755552524272118,-0.022104755851132245,2.889414862965677,1037.109375,0.0027391446780436284,Healthy,0
0.0726360099293825,0.43809230769230767,-0.13994853337177648,-0.11074789305161567,3.015668868087782,1037.109375,0.0027134853886380613,Healthy,0
0.07437144861902521,0.4526953846153846,-0.2764286780846561,-0.0317327959501602,3.0434756416696924,1037.109375,0.002844518930361378,Healthy,0
0.07293975554853491,0.4360061538461538,-0.24157065801669875,-0.0419528787670781,2.9888100842073055,1037.109375,0.002727582102106276,Healthy,0
0.0736858035434828,0.4368406153846154,-0.22558739710850384,-0.012718509341405953,2.964211519569241,1037.109375,0.002789324831873538,Healthy,0
0.0735193446269579,0.40262769230769235,-0.36066791237061535,0.022563455934290884,2.7382432089856916,1037.109375,0.0027812322394912934,Healthy,0
0.07361099924923185,0.41994276923076923,-0.38315683625238517,-0.07721600939737473,2.852445786049776,1037.109375,0.0027691459278857467,Healthy,0
0.07572616309160628,0.40554830769230765,-0.4418457119403465,-0.021909254648260417,2.677729143636355,1037.109375,0.0029335892902209236,Healthy,0
0.07495180850910965,0.3938658461538461,-0.539821535935642,0.054145756012181134,2.6274605909340774,1037.109375,0.0028763745921473994,Healthy,0
0.2887459272559307,2.657926027944112,2.508836861296113,0.1370068063277538,4.602534230012278,3585.9375,0.04180813166744618,Inner_Race_Fault,1
0.2859281187449172,2.6639361277445115,2.668938856099035,0.14112655109294212,4.658401802938919,3585.9375,0.04099454833927289,Inner_Race_Fault,1
0.2831431904681194,2.38503500998004,2.4004803254843523,0.11064314850137759,4.211711759758149,3585.9375,0.040206661083919154,Inner_Race_Fault,1
0.2833093745034747,2.4664150099800395,2.2543945126595926,0.09605866691929908,4.352865157220185,3585.9375,0.040252655596783836,Inner_Race_Fault,1
0.29033526703492185,2.736869500998004,2.4959365068350063,0.1176963559749949,4.713291514579954,3585.9375,0.042263920088563306,Inner_Race_Fault,1
0.29310696430331334,2.6860273053892216,2.7816316239615757,0.16970188997898958,4.58199161485918,3585.9375,0.043077879883686575,Inner_Race_Fault,1
0.29089437817779223,2.720625988023952,2.680114378035797,0.08777098210582011,4.6763124214816,3585.9375,0.042418858778993165,Inner_Race_Fault,1
0.29245696387664283,2.71071744510978,2.6600154429093186,0.0983648518174982,4.634386901200871,3585.9375,0.042871088150187635,Inner_Race_Fault,1
0.2922749220849395,2.7659453892215566,2.727599917144193,0.12910363237762798,4.731752846755924,3585.9375,0.04282775867032132,Inner_Race_Fault,1
0.28703520505125285,2.7946964071856284,2.9013089696073955,0.15069430372094691,4.868211909209201,3585.9375,0.041305117837840064,Inner_Race_Fault,1
0.2871894672141099,2.733458363273453,2.782621074996081,0.1565815091546902,4.758980873827736,3585.9375,0.041344478982361973,Inner_Race_Fault,1
0.2870275352257317,2.6655604790419165,2.457611573974062,0.11343908466363059,4.64338809331585,3585.9375,0.04129497908472127,Inner_Race_Fault,1
0.2880099591833607,2.6694589221556884,2.410890119112442,0.13875966431493536,4.6343170384191215,3585.9375,0.04157526613639327,Inner_Race_Fault,1
0.292388804078607,2.723549820359281,2.2339364448433807,0.12443411575426697,4.657411266039911,3585.9375,0.04284995355708375,Inner_Race_Fault,1
0.2901126769646233,2.705194650698603,2.339403322861795,0.1596935248423906,4.662317205511978,3585.9375,0.04218424267976001,Inner_Race_Fault,1
0.2884379985378011,2.5861297005988026,2.228610828390213,0.15269696737603158,4.48299064913231,3585.9375,0.04169655360452794,Inner_Race_Fault,1
0.2899492947897442,2.454232375249501,2.0001792362855744,0.13851607938806157,4.232175106735783,3585.9375,0.042137359295612416,Inner_Race_Fault,1
0.2917500839681964,2.5172572055888223,1.9770128421329876,0.12295384014025679,4.314064234962188,3585.9375,0.04266096877321725,Inner_Race_Fault,1
0.29382240917309904,2.6052970459081837,2.0360250766656742,0.14098787631625165,4.433455319558914,3585.9375,0.043271241162337895,Inner_Race_Fault,1
0.2912910332691741,2.631773972055888,2.025826578077889,0.11332779953536365,4.517430458671101,3585.9375,0.04252978712937949,Inner_Race_Fault,1
0.28762827319906015,2.50702379241517,1.9114734207689557,0.10756550079628263,4.358096936249593,3585.9375,0.04145991704178505,Inner_Race_Fault,1
0.28896615343685833,2.4139484630738526,2.051928889918214,0.17725048914808897,4.176870602946448,3585.9375,0.04185013612588892,Inner_Race_Fault,1
0.2915685513734226,2.4068013173652694,2.1042994732797675,0.1553665469064178,4.1273335310480554,3585.9375,0.042609034097312704,Inner_Race_Fault,1
0.29283004507959465,2.7399557684630738,2.1699739257018207,0.13614122451550104,4.67840615145608,3585.9375,0.04297463130592485,Inner_Race_Fault,1
0.29685314778949196,2.7399557684630738,2.22286667111299,0.1288971749596081,4.615002045398663,3585.9375,0.044171872589480736,Inner_Race_Fault,1
0.296943973139581,2.5939265868263472,2.1413220902508394,0.17866169430282275,4.367703710906856,3585.9375,0.044188315036501315,Inner_Race_Fault,1
0.2917618505961611,2.6684843113772456,1.9954043042254561,0.14696586229121508,4.5730521415405985,3585.9375,0.042661416546605185,Inner_Race_Fault,1
0.2967268553308572,2.6684843113772456,1.9496701233167295,0.1326122346373044,4.496533197849289,3585.9375,0.044132666318947966,Inner_Race_Fault,1
0.29738763390284634,2.524079481037924,1.8685533842952262,0.15453444120939905,4.243753258856951,3585.9375,0.04432699025041458,Inner_Race_Fault,1
0.2961935202953386,2.524079481037924,1.9214648244752794,0.11733349284409408,4.260862085235913,3585.9375,0.04397827462911666,Inner_Race_Fault,1
0.2947436367147191,2.5222926946107784,2.0289812500816886,0.10280533279132782,4.278790753084337,3585.9375,0.04354187252531637,Inner_Race_Fault,1
0.2939386453421906,2.798757285429142,2.404409639946664,0.13380755706595027,4.760784826661615,3585.9375,0.04329700480288504,Inner_Race_Fault,1
0.2945581401927038,2.798757285429142,2.412988965674699,0.1368182702776901,4.750772264514839,3585.9375,0.043494768427750526,Inner_Race_Fault,1
0.2902808384199903,2.703570299401197,2.499981848480526,0.13009685684069064,4.656818400616509,3585.9375,0.04224968813994294,Inner_Race_Fault,1
0.292032023718802,2.703570299401197,2.808285543153289,0.18702575627200374,4.628893545600445,3585.9375,0.04274731747593327,Inner_Race_Fault,1
0.29213402000545524,2.800868942115769,2.89248575128034,0.15404050976950096,4.793808235794424,3585.9375,0.04277425687503139,Inner_Race_Fault,1
0.2911434439678793,2.800868942115769,2.936952830258126,0.12129805626831937,4.81011851742878,2619.140625,0.04248660572841027,Inner_Race_Fault,1
0.28938183423652997,2.6044848702594807,2.3813685207439423,0.12448083069456799,4.500083561103341,3585.9375,0.041977509110652955,Inner_Race_Fault,1
0.29051159344558886,2.7141285828343316,2.5590907607033246,0.19229532965249557,4.671291342702769,3585.9375,0.04230708115819305,Inner_Race_Fault,1
0.2917815531796964,2.687164351297405,2.456132010904846,0.1793789890607845,4.604753662481346,3585.9375,0.042674145979062,Inner_Race_Fault,1
0.2947989008508647,2.997253013972056,2.5116668300711984,0.14794372722375107,5.083555273308721,3585.9375,0.04356121158729745,Inner_Race_Fault,1
0.2890892142799646,2.997253013972056,2.8062270028795853,0.18857321611257868,5.183958560054417,3585.9375,0.04188785287203164,Inner_Race_Fault,1
0.28757749933181626,2.7401182035928144,2.73297858519903,0.1988823365440371,4.7641387277507015,3585.9375,0.04145022449051404,Inner_Race_Fault,1
0.29416595194566497,2.7536003193612775,2.6146928799736937,0.16777508163227878,4.680351857766822,3585.9375,0.043372732594460964,Inner_Race_Fault,1
0.2938895132774214,2.7173772854291416,2.30149155663078,0.14034190726202217,4.623127336401474,3585.9375,0.043286508441562246,Inner_Race_Fault,1
0.29146464740252015,2.668646746506986,2.3485729976686347,0.19862430361701938,4.5779938841459495,3585.9375,0.04257249455019407,Inner_Race_Fault,1
0.2934045528006162,2.765133213572854,2.5081716865842196,0.1732304897484264,4.712151170080696,3585.9375,0.04313800474622932,Inner_Race_Fault,1
0.29314431619144926,2.765133213572854,2.6170735280008772,0.1491270332150019,4.716334345993215,3585.9375,0.04306529575646252,Inner_Race_Fault,1
0.2905900469163778,2.510434930139721,2.479301135703026,0.13415276494652495,4.319547343034328,3585.9375,0.04232176072017815,Inner_Race_Fault,1
0.2951074226714305,2.510434930139721,2.160688510007123,0.12721887516010877,4.253425595693696,3585.9375,0.04364072033436138,Inner_Race_Fault,1
0.293689175061692,2.7011337724550897,2.3588376588572064,0.15125796273707523,4.598626714600041,3585.9375,0.04321988424646458,Inner_Race_Fault,1
0.290703434005761,2.7011337724550897,2.4635119498591997,0.14149162870454474,4.645858040331165,3585.9375,0.042353269431756296,Inner_Race_Fault,1
0.29094639656682575,2.501176127744511,2.373314489727143,0.14626013758946893,4.298345257508681,3585.9375,0.04242848649514771,Inner_Race_Fault,1
0.2880594892432188,2.8106150499002,2.653807750204381,0.11975437205153802,4.87853230817732,3585.9375,0.041590505133940345,Inner_Race_Fault,1
0.28754706647544326,2.8106150499002,2.5983287805956037,0.13774255285647144,4.887226088498852,3585.9375,0.0414353430586017,Inner_Race_Fault,1
0.2910297187151822,2.486556966067864,2.2238041012489758,0.1522671544107438,4.271998366773921,3585.9375,0.042441865612734095,Inner_Race_Fault,1
0.28839639633077424,2.368304191616766,2.1375188291449394,0.17458372369875333,4.105987837830775,3585.9375,0.041687939073993284,Inner_Race_Fault,1
0.2849188283315511,2.7958334530938123,2.64749519012842,0.1429755064981839,4.906368367204552,3585.9375,0.040688167759055566,Inner_Race_Fault,1
0.2903928480725241,2.7958334530938123,2.6149761843996595,0.16619882118823687,4.81388138800782,3603.515625,0.042253900622267165,Inner_Race_Fault,1
0.2909363327042791,2.4158976846307385,2.3112383129339076,0.18778165834172617,4.151935342991978,3603.515625,0.04241721029096977,Inner_Race_Fault,1
0.2901147629883441,2.6579260279441117,2.357120199751746,0.04732079434702734,4.580818295087759,3568.359375,0.042168352211608605,Inner_Race_Fault,1
0.28659100872571047,2.6579260279441117,2.4921177099497536,0.09386876281574527,4.6371413390849785,3585.9375,0.04114370396256402,Inner_Race_Fault,1
0.2891858203306055,2.4794098203592814,2.280203543768775,0.1924398223283122,4.286880002492427,3585.9375,0.04190149483576096,Inner_Race_Fault,1
0.29651046213948584,2.515307984031936,2.1109576825528507,0.1683000040424612,4.241516413759244,3585.9375,0.044041432265977065,Inner_Race_Fault,1
0.29269854953114954,2.5175820758483036,2.126860564518938,0.12966091085896073,4.300639821893578,3585.9375,0.04291796704162606,Inner_Race_Fault,1
0.28797128938543926,2.4911051497005987,2.2165184355560585,0.177739688322162,4.325266513576539,3585.9375,0.04154172449303263,Inner_Race_Fault,1
0.28740372007920867,2.4911051497005987,2.1481427650222047,0.19569290246028784,4.33380811670435,3585.9375,0.041371479717039174,Inner_Race_Fault,1
0.29073808400203865,2.4465979241516966,2.1277874839128073,0.17117393164143796,4.207563540479515,3585.9375,0.0423453403457134,Inner_Race_Fault,1
0.29287992408915586,2.68554,2.32762359906257,0.16587741057514616,4.5847116499226015,3585.9375,0.04297052372278415,Inner_Race_Fault,1
0.29227802131066954,2.68554,2.2806384260389647,0.164828021485058,4.594153176412593,3585.9375,0.04278301913389418,Inner_Race_Fault,1
0.29108578654749784,2.4683642315369263,1.9744418281548537,0.18237165286398807,4.239925729135785,3585.9375,0.042434004744274834,Inner_Race_Fault,1
0.2916992337676993,2.3428018762475054,1.8763365435311474,0.18914022695937777,4.015783390972572,3585.9375,0.042621796437336705,Inner_Race_Fault,1
0.2937824941018289,2.540160558882236,2.122427398865013,0.202771720975039,4.323199322424199,3585.9375,0.043237563120453425,Inner_Race_Fault,1
0.2956045972138194,2.615692894211577,2.1272408226378845,0.18775786226038965,4.424310242238165,3585.9375,0.04377015495362275,Inner_Race_Fault,1
0.298742350417523,2.5789825548902194,1.8600458224614895,0.1796337236543297,4.316399317481816,3585.9375,0.0446933587086204,Inner_Race_Fault,1
0.2960877919434927,2.4738870259481036,1.933304094790599,0.18717390204980588,4.177624159560479,3585.9375,0.043910502351978506,Inner_Race_Fault,1
0.2925542674584901,2.4738870259481036,2.09023527981528,0.21488955995361558,4.228082275879155,3585.9375,0.042873922159347884,Inner_Race_Fault,1
0.2909243528049047,2.561114690618762,2.282882726807852,0.2103405537697598,4.401684949929678,3585.9375,0.042393586675910915,Inner_Race_Fault,1
0.2910151070277763,2.561114690618762,2.1744376824185974,0.18520629379620743,4.400312266906325,3585.9375,0.042429598418938036,Inner_Race_Fault,1
0.29535659781845436,2.495815768463074,2.071870075592357,0.25171934731092777,4.225088904222087,3585.9375,0.04369570771450623,Inner_Race_Fault,1
0.2927449302977667,2.6104949700598805,2.272963002828032,0.21104067941502114,4.45865103010427,3585.9375,0.042919602960744124,Inner_Race_Fault,1
0.29098051375125034,2.6104949700598805,2.354835356657576,0.16726972799286627,4.4856869217907605,3585.9375,0.04241181525845614,Inner_Race_Fault,1
0.2935031014819519,2.9608675449101796,2.4329640864358613,0.20992136231217967,5.044014066563874,3585.9375,0.04315292952308715,Inner_Race_Fault,1
0.2951256775474913,2.9608675449101796,2.1567929295718633,0.1999596359730213,5.016282502957948,3585.9375,0.04363058951566488,Inner_Race_Fault,1
0.29223588310995197,2.7147783233532934,2.37103727328444,0.1968573394704795,4.644840829371859,3585.9375,0.042777565381700966,Inner_Race_Fault,1
0.2901414475501782,2.7147783233532934,2.6240850110455423,0.19369659266506947,4.678370405668755,3585.9375,0.04216498527349372,Inner_Race_Fault,1
0.28768759604342664,2.671245708582834,2.5500396727988752,0.19811394871165167,4.642615367017088,3585.9375,0.04145979546254404,Inner_Race_Fault,1
0.2932933704461032,2.671245708582834,2.4362038394866916,0.18658496598626917,4.553880138033521,3585.9375,0.04309146039006116,Inner_Race_Fault,1
0.29683022290399624,2.8547974051896206,2.4957095115392205,0.22583913603939812,4.808805143324215,3585.9375,0.04413332865317059,Inner_Race_Fault,1
0.29086984436225144,2.8547974051896206,2.548979676105228,0.21415332627842104,4.90734509011913,3585.9375,0.042376955849873374,Inner_Race_Fault,1
0.28662024206166087,2.7092555289421156,2.7392721587516906,0.19113607141716565,4.72621108239674,3585.9375,0.04115226310461693,Inner_Race_Fault,1
0.29072241886943684,2.7178645908183636,3.018890667877594,0.20506102254368594,4.674329213047298,3585.9375,0.04233836986294494,Inner_Race_Fault,1
0.29515948373900036,2.6481799201596807,2.5995659492670278,0.2103932760865704,4.486015300293345,3585.9375,0.04363964288128658,Inner_Race_Fault,1
0.2875003897480238,2.5071862275449104,2.483642898364825,0.22671396511124578,4.360317962946595,3585.9375,0.04140555781629418,Inner_Race_Fault,1
0.292875349368639,2.5071862275449104,2.2736435979218728,0.20202468256248662,4.280295752014865,3585.9375,0.042964992333045224,Inner_Race_Fault,1
0.2956240978803672,2.5700486227544905,2.4173238450320964,0.20549202854225082,4.346818546224426,3585.9375,0.043779358830566044,Inner_Race_Fault,1
0.28975623717130333,2.5700486227544905,2.6973802234441395,0.2071433997572609,4.434846075867355,3585.9375,0.042053731633980476,Inner_Race_Fault,1
0.28906373387650985,2.511409540918164,2.3432058788308687,0.19784237079981032,4.3440412037143625,3603.515625,0.04185394163219468,Inner_Race_Fault,1
0.29246510730446673,2.872015528942116,2.4703971880576043,0.15240577728869542,4.9100139763890605,3603.515625,0.042848657720331876,Inner_Race_Fault,1
0.2955752162102149,2.872015528942116,2.6821188926955966,0.17883141809343167,4.858349704969041,3603.515625,0.043756312081923474,Inner_Race_Fault,1
0.28752219441190774,2.52278,2.626314577506067,0.19132563283769374,4.387104802744089,3603.515625,0.04140892358365666,Inner_Race_Fault,1
0.28517250281991735,2.3990044311377243,2.329690075785008,0.15918529528815245,4.206233783789217,3603.515625,0.04073982981939329,Inner_Race_Fault,1
0.28470325283708453,2.5505564071856286,2.5049146222849457,0.1859216631328763,4.479324317107699,3603.515625,0.040607732560473855,Inner_Race_Fault,1
0.2864515087962616,2.7873868263473054,2.9734099435566215,0.20630174744352417,4.865372917846686,3585.9375,0.04110448992736389,Inner_Race_Fault,1
0.2930848037576659,2.7873868263473054,2.7975324612485712,0.18935060156158864,4.755256483123613,3585.9375,0.04302193574254726,Inner_Race_Fault,1
0.2931079304227107,2.624139520958084,2.675126166696984,0.16910510306628782,4.476404847138792,3585.9375,0.043026968828056344,Inner_Race_Fault,1
0.28992942045666087,2.577845508982036,2.6142540701541632,0.2082916808129309,4.4456431929566405,3585.9375,0.042105738313510346,Inner_Race_Fault,1
0.2948179972770385,2.381299001996008,2.4658177891743325,0.19621880425001462,4.038591646354475,3585.9375,0.0435420554898394,Inner_Race_Fault,1
0.29963723966081635,2.7714681836327344,2.858858130137821,0.18119199183362109,4.624705838917058,3585.9375,0.04496846593541218,Inner_Race_Fault,1
0.28898039307794965,2.7714681836327344,2.902177407129818,0.19075783822588208,4.795252982587573,2619.140625,0.04182734012870323,Inner_Race_Fault,1
0.2903483209989698,2.6567889820359283,2.6756263943129213,0.1404728758688388,4.575175383992241,3585.9375,0.042224105133372436,Inner_Race_Fault,1
0.29275640975211836,2.6567889820359283,2.3755601849783234,0.1272697948365334,4.537541952173609,3603.515625,0.042927105575930595,Inner_Race_Fault,1
0.2901648991162369,2.4543948103792417,2.0561063243785114,0.1864715925612212,4.229310329841168,3585.9375,0.04217094786922352,Inner_Race_Fault,1
0.29183771590565727,2.5776830738522953,2.157395741030009,0.19578300327198433,4.416295313052659,3603.515625,0.042655739118645675,Inner_Race_Fault,1
0.2933756987567429,2.6704335329341315,2.438859757457479,0.18976125424918222,4.551218018825008,3603.515625,0.04310480302666481,Inner_Race_Fault,1
0.2899344897696439,2.690250618762475,2.7581811050620963,0.1849994687509612,4.639411166467135,3603.515625,0.0420954442071443,Inner_Race_Fault,1
0.2924389674321048,2.6424946906187623,2.549235341589317,0.18191309955845442,4.518027665434612,3585.9375,0.042833238761964994,Inner_Race_Fault,1
0.13460156763398484,0.9344893013972055,-0.10071732565131342,0.011866016572550552,3.4713165597681392,3369.140625,0.009182832198417376,Ball_Fault,2
0.14088407703486236,1.0036866666666666,0.07284128646938148,-0.008733351143826977,3.562101153625403,3357.421875,0.010041896980013626,Ball_Fault,2
0.1397956522489914,1.0036866666666666,0.07560311741720671,-0.003104688891683622,3.589835057527363,3234.375,0.00988814421940952,Ball_Fault,2
0.12950297778785758,0.8058406786427146,-0.25543272061759836,-0.009978575583030698,3.1112824292070895,3292.96875,0.008502643861634969,Ball_Fault,2
0.13358742438040397,0.8474240718562874,-0.3991643116236929,-0.023219683851173387,3.171795832529715,3375.0,0.009039229264735719,Ball_Fault,2
0.13912541826953756,0.9502455089820359,-0.06443697515845281,-0.05525936275637499,3.4150679322345603,3228.515625,0.009794280709572811,Ball_Fault,2
0.14004490330248723,0.977209740518962,0.09429951181431973,-0.06693815073433608,3.488915760141078,3445.3125,0.009917069851330396,Ball_Fault,2
0.13958550735749836,0.9177584830339321,-0.09321546902357403,-0.03925630314523891,3.287441871323439,3292.96875,0.009855199546445613,Ball_Fault,2
0.14140714674831326,0.9177584830339321,-0.1377851206639802,-0.04757919829380595,3.24509228896127,3263.671875,0.010113902624404704,Ball_Fault,2
0.1438567627696794,1.0384477844311375,-0.025718678050974386,-0.03621904568549167,3.6093116668200547,3369.140625,0.010464279269284248,Ball_Fault,2
0.1439013159560478,1.0384477844311375,0.11860690770491855,-0.028181135005817502,3.6081941903447,3275.390625,0.01046800416419052,Ball_Fault,2
0.14166286605696915,0.9257178043912175,0.1767453274106816,-0.03849196457722412,3.2673269649187526,3263.671875,0.010144547047342377,Ball_Fault,2
0.13911413153784194,0.9073626347305389,-0.042684213228627144,-0.039880432116300144,3.261216616529419,3263.671875,0.009787531396739777,Ball_Fault,2
0.13896952393437317,0.8196476646706587,-0.2888216613261547,-0.03371139658300801,2.949019473714713,3275.390625,0.00976540428689637,Ball_Fault,2
0.13423749823682116,0.8664289820359281,0.002026976365841815,-0.07638658244694757,3.2272241118028666,3234.375,0.009124023201351134,Ball_Fault,2
0.13089780602205997,0.9296162475049901,0.11042592841945131,-0.06907341996161874,3.550923715819666,3310.546875,0.008682164190828229,Ball_Fault,2
0.12872243152540352,0.9296162475049901,-0.12096315803395008,-0.0010317197728274342,3.610933372251942,3445.3125,0.008394766947582734,Ball_Fault,2
0.13534425291381422,0.8547336526946108,-0.07957324415997657,0.003703348151816099,3.157628175164911,3445.3125,0.009268789817298057,Ball_Fault,2
0.14151757489083613,1.070122634730539,0.035199893287827244,-0.009595584160327474,3.780882464796371,3369.140625,0.010124948631640936,Ball_Fault,2
0.13522313998107058,1.070122634730539,-0.016162120386769896,-0.012315199178339883,3.9568768883799836,3263.671875,0.009257022774006377,Ball_Fault,2
0.13356467172554212,0.8716269061876247,-0.1426210804891821,0.01899743834523479,3.2629395742412473,3263.671875,0.009031261756200433,Ball_Fault,2
0.13349646002720023,0.8716269061876247,-0.17779875619442054,0.038953305777664475,3.2646068143306146,3445.3125,0.009015953390825072,Ball_Fault,2
0.13869180606258957,0.8714644710578843,-0.10420720256851634,0.016341462263626844,3.1417301994921214,3445.3125,0.009724051902922574,Ball_Fault,2
0.14085398886231407,0.8714644710578843,-0.06950731284734424,-0.004805479985592903,3.0935029887926992,3363.28125,0.010027069527160901,Ball_Fault,2
0.13605572373573446,0.8760126546906188,-0.20446005239619502,-0.03513277647479842,3.219315698882787,3357.421875,0.009361032578824686,Ball_Fault,2
0.14873528604144393,0.9107737724550898,-0.2951162909056202,-0.019794991880347064,3.0617273032349224,3445.3125,0.011167791617686494,Ball_Fault,2
0.14852987391047523,0.9437481037924151,-0.16375330308818326,0.02807555689844147,3.176963929698241,3234.375,0.011132077703607194,Ball_Fault,2
0.13813624583775802,0.9997882235528942,0.09097523830737053,0.05146299261369281,3.6188482519177203,3228.515625,0.009643464956013054,Ball_Fault,2
0.14037153134418082,0.9997882235528942,-0.01875183812273118,0.02956022568171269,3.561221474108899,3363.28125,0.00995610028062506,Ball_Fault,2
0.138602052834258,0.8326424750499002,-0.17708549113805727,-0.02840392386622163,3.003716243819217,3263.671875,0.009702129758566642,Ball_Fault,2
0.13810243271487277,0.9754229540918163,0.11850337918858855,0.0038264168954027047,3.531519810754099,3263.671875,0.009628177844328099,Ball_Fault,2
0.143305850467327,0.9754229540918163,0.05979496029231868,0.014069851729115887,3.403290762069089,3445.3125,0.010355637431235422,Ball_Fault,2
0.14109001204994615,1.0158693013972058,0.07870361428788142,0.005133815857231941,3.600075181216889,3445.3125,0.010040831944470665,Ball_Fault,2
0.13750044598831948,1.0158693013972058,0.13476615514468637,0.058242885455050235,3.6940582050312143,3416.015625,0.00954486820609121,Ball_Fault,2
0.1352014138687464,0.9578799600798403,0.1190712300556287,0.022728710647701985,3.542418428440958,3263.671875,0.009232503085217319,Ball_Fault,2
0.14002629393648366,0.9578799600798403,-0.055455736797576094,-0.0026697876942604636,3.4203574669852275,3263.671875,0.00989106275261158,Ball_Fault,2
0.1427358711969291,0.856358003992016,-0.22999081726743587,0.007152173933699924,2.9997995486730886,3263.671875,0.01027469263073998,Ball_Fault,2
0.1360043227057861,0.9279918962075848,0.038295106126252865,-0.012198136707773307,3.4116264753403485,3310.546875,0.009343589242613512,Ball_Fault,2
0.1357662148420748,0.9279918962075848,0.027219141642850442,-0.002126705629148088,3.4176098128943133,3363.28125,0.009310626914569044,Ball_Fault,2
0.13747080824825844,0.8587945309381237,-0.1336349056001147,-0.003231884985084209,3.1235523449721314,3363.28125,0.009541469423395305,Ball_Fault,2
0.14248127984154618,0.9078499401197604,-0.2395230522677858,-0.04733657670997545,3.185856910919746,3345.703125,0.010241271904937772,Ball_Fault,2
0.1393112859164027,0.9078499401197604,-0.12870931208382785,-0.052053867014785385,3.2583502985699915,3263.671875,0.009791695379475144,Ball_Fault,2
0.1395187348201296,0.8695152495009979,-0.1781380433190578,0.017552094037222268,3.116123618172121,3445.3125,0.009821947657944044,Ball_Fault,2
0.1460879184040057,0.8618807984031936,-0.3532303242003465,0.005043029600228829,2.949870214522685,3427.734375,0.010759597982108229,Ball_Fault,2
0.13995233614674293,0.8756877844311377,-0.22921681465735855,-0.02867123125000854,3.1285214971794426,3380.859375,0.009879135467406992,Ball_Fault,2
0.1312100109588154,0.8500230339321357,-0.06369633745619518,-0.021910781151880117,3.239169891537253,3263.671875,0.008690550750629753,Ball_Fault,2
0.1283546958430802,0.8586320958083832,0.018733806536017195,-0.04081873892696069,3.3447630808073523,3228.515625,0.008317252482544245,Ball_Fault,2
0.13684067127475236,1.0493309381237523,0.07816814054160659,-0.042628802486358024,3.8341339908252774,3445.3125,0.009444624513095277,Ball_Fault,2
0.14070881603491817,1.0423462275449102,-0.09442032937894451,-0.03672714215197095,3.703912295325698,3357.421875,0.009981279918392606,Ball_Fault,2
0.13535037142931863,0.899565748502994,-0.10509822712908079,-0.04740326981336949,3.323100406018304,3445.3125,0.009236561976248104,Ball_Fault,2
0.1347950739377463,1.000925269461078,0.08927596289730477,-0.05347523051712843,3.7127664988831297,3445.3125,0.009158840604099223,Ball_Fault,2
0.13860629139592903,1.0683358483033931,0.35482931170388765,-0.06808064252326139,3.853850490998603,3445.3125,0.009680427949626175,Ball_Fault,2
0.13896717014160873,1.0563156487025949,0.14525048558997167,-0.02917567644610526,3.800594225334661,3228.515625,0.009730731297439423,Ball_Fault,2
0.14181966232807758,0.8880328542914171,-0.2464175786470748,0.018954793027738868,3.1308523786958826,3445.3125,0.010132857759427787,Ball_Fault,2
0.14612370999340446,1.0348742115768463,-0.06913642150511867,-0.007157477886234961,3.541089299004101,3263.671875,0.010751558606519045,Ball_Fault,2
0.13944301996553063,1.0348742115768463,0.04938533472322959,-0.03931379217487325,3.7107422509662378,3421.875,0.009795392056863136,Ball_Fault,2
0.13637903131454207,0.8519722554890219,-0.02653571074911909,-0.004840597368009202,3.12354563336078,3263.671875,0.009374293064401525,Ball_Fault,2
0.13816635518484185,0.8483986826347305,0.08049579356065095,0.013913191810543114,3.0702072204905635,3263.671875,0.00962132026773516,Ball_Fault,2
0.13675633291955772,0.8464494610778444,0.04086984208214606,-0.02072334332383382,3.0947358817223463,3363.28125,0.009427219707092416,Ball_Fault,2
0.13660543636026085,0.877961876247505,-0.022284457783952494,0.017943853081186803,3.2134953763191088,3445.3125,0.009404931854884557,Ball_Fault,2
0.13646066330446915,0.8714644710578843,-0.14543506283000873,0.0042968178772749355,3.1930977395056503,3234.375,0.009382912237282598,Ball_Fault,2
0.13423416101602106,0.8367033532934132,-0.29741634887088786,-0.05203255750979645,3.1165813044920485,3445.3125,0.009078327180588878,Ball_Fault,2
0.1355663551913864,0.9388750499001997,-0.0599467894093233,-0.01577675097770274,3.4627878302648862,3445.3125,0.009261623919555408,Ball_Fault,2
0.1350941225790601,0.9388750499001997,-0.07769452606968885,0.01052853011304075,3.4748922898209322,3263.671875,0.009200504570335711,Ball_Fault,2
0.13137762324500712,0.8542463473053892,-0.23297737631246695,-0.036158593781281216,3.251110524782058,3263.671875,0.008699020094171929,Ball_Fault,2
0.13518515112303592,0.8622056686626747,-0.14725296959297163,-0.03144651298215301,3.1889806739127597,3386.71875,0.009206201992722863,Ball_Fault,2
0.13297617486128857,0.8815354491017964,-0.06752330568925746,-0.03326484091782868,3.3146368137801843,3445.3125,0.008915139037649912,Ball_Fault,2
0.1327673117306265,0.8925810379241517,0.023436999829285377,-0.05156901919203551,3.36144878693907,3357.421875,0.008888969470482495,Ball_Fault,2
0.14257068358631364,1.0493309381237526,-0.10848735246750962,-0.015667308819228246,3.680037549544601,3445.3125,0.010235368242501363,Ball_Fault,2
0.13636639438004905,1.0493309381237526,0.014842247843877665,-0.003141654950483851,3.8474689563152147,3445.3125,0.009365504915295662,Ball_Fault,2
0.13022861200730393,0.9003779241516966,-0.03558994989944608,-0.03472987077044089,3.4569128483884883,3281.25,0.008548473472519382,Ball_Fault,2
0.1384059127600434,0.925880239520958,-0.16551647924123714,0.010522278103827668,3.3448001644487966,3263.671875,0.009647960951001575,Ball_Fault,2
0.1344627376215165,0.8977789620758483,-0.0653160684877303,0.0461637748844906,3.3383931413136243,3263.671875,0.009106343745257258,Ball_Fault,2
0.13134328756541971,0.8118507784431138,-0.07094124136133662,0.039441647266919254,3.090568210570889,3234.375,0.008691311729857319,Ball_Fault,2
0.1440228388562654,0.9876055888223553,-0.1519293088545015,0.03446259775848465,3.428642278770745,3363.28125,0.010438235862501886,Ball_Fault,2
0.1441367943609933,0.9876055888223553,-0.2165527861306784,0.018191772788583003,3.4259315714656404,3363.28125,0.010458333650923694,Ball_Fault,2
0.1448647565978211,0.908986986027944,-0.14322981467217355,-0.005254813323363316,3.137364143549101,3445.3125,0.0105626972761429,Ball_Fault,2
0.13775656391028826,0.8789364870259482,0.023167478136222996,0.005064407407612462,3.1901800613956275,3263.671875,0.009555165463212221,Ball_Fault,2
0.13442682267904196,0.9824076646706588,0.32424566263415366,0.012146564905311507,3.654061165368237,3263.671875,0.009102058982296064,Ball_Fault,2
0.14015854930788094,0.9824076646706588,0.24067121366320876,0.044990454606295666,3.5046298264426285,3445.3125,0.009888002693657248,Ball_Fault,2
0.13756549799257753,0.9210071856287425,-0.034292749310617765,0.0572660939823395,3.347522449555034,3416.015625,0.009529008349333078,Ball_Fault,2
0.1349036298473858,0.8950175648702595,-0.0981947309186606,0.013983259146848016,3.3172478971943815,3234.375,0.009163959941923445,Ball_Fault,2
0.14167347391096966,0.8722766467065868,-0.127832317436972,0.02580234410159006,3.078475534717043,3445.3125,0.010098342545470507,Ball_Fault,2
0.14652133297138045,0.8748756087824351,-0.16270135525166696,0.004364518417257864,2.9854888398855945,3263.671875,0.010799162301868163,Ball_Fault,2
0.14273626364823203,1.0410467465069861,0.0122857665737377,-0.00921212247955314,3.646749325989804,3263.671875,0.010247813604791859,Ball_Fault,2
0.1358617365406593,1.0410467465069861,0.1450129294150697,-0.0045395425994364325,3.8312727814848455,3263.671875,0.009286933242144031,Ball_Fault,2
0.13482051681620386,0.8284191616766468,-0.15800504352812927,-0.022346864496992434,3.0723037607325074,3445.3125,0.009149088449605122,Ball_Fault,2
0.14107520844025356,0.8750380439121757,-0.2090240247287447,-0.013469601767325349,3.1013175652430847,3263.671875,0.01001485042981953,Ball_Fault,2
0.14143149593341056,0.9346517365269461,-0.10964526222342563,-0.004847919947917744,3.304255994601808,3363.28125,0.010064340722280619,Ball_Fault,2
0.14021570908991596,0.9864685429141717,-0.03178868576730176,0.009978979680883031,3.5176819677229614,3445.3125,0.00988689549334469,Ball_Fault,2
0.14284883574745824,1.0550161676646708,-0.06151854224858022,0.010529589504739001,3.692771320621152,3263.671875,0.010262543245404505,Ball_Fault,2
0.14086542039764444,0.976884870259481,-0.17569492167492928,0.013540488348358417,3.4674402969226383,3357.421875,0.009986836005000789,Ball_Fault,2
0.14026102382668065,0.8581447904191617,-0.26831909281640876,0.02643732492820369,3.059099267233226,3445.3125,0.009899491916324936,Ball_Fault,2
0.1373755907037663,0.8641548902195609,-0.17836651972783146,0.0159243142664916,3.1452272044565968,3234.375,0.009496697671763369,Ball_Fault,2
0.13410401519101736,0.9400120958083833,0.02379268520011557,-0.03153160755298694,3.5047872894388465,3445.3125,0.009053491079041716,Ball_Fault,2
0.1385397465901463,0.9400120958083833,-0.08138992476989193,-0.03368303659844315,3.3925718753813645,3263.671875,0.009660571780442762,Ball_Fault,2
0.14079083089368563,1.1024472255489022,-0.07486336326186116,-0.01272370263981132,3.915195395009016,3263.671875,0.009972350283442765,Ball_Fault,2
0.14261294283588458,1.1235637924151696,0.28903169936698125,0.024371231406092295,3.9392069544071426,3363.28125,0.010230351258052326,Ball_Fault,2
0.1416210655848319,1.0480314570858282,0.281371122021838,0.056310120168891815,3.7001255878068893,3263.671875,0.010091644342766153,Ball_Fault,2
0.13842543004110686,0.8805608383233532,0.03440550157678457,0.013929669824633159,3.1806324822753362,3380.859375,0.009642854858862968,Ball_Fault,2
0.14142008241618653,0.9585297005988024,0.028116308933592737,-0.02757219978384217,3.38894478147006,3380.859375,0.010063521067653812,Ball_Fault,2
0.14973873179712674,1.0628130538922156,0.18360511221154097,-0.014071904743221262,3.5488915965047907,3234.375,0.011274305378063771,Ball_Fault,2
0.1507245474886011,1.0628130538922156,0.11446466579485959,-0.013797888607634107,3.525680028903697,3234.375,0.011424340636150731,Ball_Fault,2
0.14894973818882723,0.9393623552894212,-0.12370830426446178,-0.013354718419931843,3.1532863592501537,3363.28125,0.011159294623262199,Ball_Fault,2
0.14611046621510165,0.9776970459081837,-0.01008350160224225,0.013031733109902762,3.345746103050663,3263.671875,0.010737313216691344,Ball_Fault,2
0.14582963841069738,0.9776970459081837,-0.06462945034356737,0.03779204399764941,3.3521890905150338,3263.671875,0.010699698037829776,Ball_Fault,2
0.14666745463805192,0.9759102594810379,-0.08690184992659811,0.009948172750927175,3.3269489195452513,3263.671875,0.010821446598192716,Ball_Fault,2
0.14057887044548378,0.9759102594810379,0.10148749882903463,-0.010248172923457205,3.471041758937358,3263.671875,0.009942540377877274,Ball_Fault,2
0.13580721372554613,0.9820827944111776,0.019728672972771477,-0.028366377483525308,3.6157239643980787,3339.84375,0.009285890317376243,Ball_Fault,2
0.13636549812823517,1.0030369261477046,-0.018115331391903133,-0.05878442493976714,3.6777518504147957,3445.3125,0.009360914062841093,Ball_Fault,2
0.13677957559172182,0.9047636726546906,0.14729918144253062,-0.03482891808604626,3.307378564162794,3263.671875,0.009411025319643676,Ball_Fault,2
0.14182001675327388,0.886083632734531,0.058920818254356355,-0.03936266758495754,3.123972387748558,3269.53125,0.010115975628281242,Ball_Fault,2
0.1374481422245654,0.886083632734531,-0.12343003474892056,-0.035078627020045584,3.223337974575279,3445.3125,0.009505300627017437,Ball_Fault,2
0.13978539576230695,0.9776970459081836,-0.05062972903001839,-0.024725919476669966,3.4971358795259033,3263.671875,0.009824295166231217,Ball_Fault,2
0.146009613713724,0.9776970459081836,0.08500583415777241,0.000700982746451504,3.3480570937784973,3263.671875,0.01071081732410865,Ball_Fault,2
0.14305357938636798,1.0067729341317366,0.1786017059556122,-0.030966539909568287,3.518866631825345,3445.3125,0.010281081894496079,Ball_Fault,2
0.14412155178075742,0.9676260678642714,0.11442162773885256,-0.050416478642497244,3.3569790774118813,3363.28125,0.010435388602076165,Ball_Fault,2
0.14856257689943764,1.1337972055888224,0.30499457779832717,-0.0027553946462221994,3.815891017952295,3263.671875,0.011085969911508712,Ball_Fault,2
0.671590084123132,6.520958283433133,4.672676085360448,0.13196905846307927,4.854864922512431,3445.3125,0.2261049566916145,Outer_Race_Fault,3
0.6704479089652856,6.520958283433133,4.66561196250602,0.15103064766657281,4.86313567111951,3445.3125,0.22534736728926658,Outer_Race_Fault,3
0.6883959933614409,6.407659780439122,4.7206012964992965,0.048514302781770796,4.654050751479892,3445.3125,0.23752688086594215,Outer_Race_Fault,3
0.6989379708955701,6.476694710578842,4.517980359801867,0.022595807231067615,4.633239987147973,3445.3125,0.24483824046678768,Outer_Race_Fault,3
0.6808161356213618,6.407659780439122,4.415370752593469,0.10750647557985805,4.705866566008333,3445.3125,0.2323458641278752,Outer_Race_Fault,3
0.6745127807061619,6.704916067864271,4.644420900992509,0.13606341969421554,4.970192010924352,3445.3125,0.2280566221773547,Outer_Race_Fault,3
0.675990856396638,6.704916067864271,4.838742661168088,0.051952672362205715,4.959324526669454,3445.3125,0.22904225633469555,Outer_Race_Fault,3
0.6826723638110281,6.305731736526946,4.732868088018988,0.03486793141465049,4.618417319052663,3445.3125,0.23359887010158,Outer_Race_Fault,3
0.6869761994609073,6.241975948103793,4.344518884619553,0.04457473794561455,4.543080206419142,3445.3125,0.23652867738856298,Outer_Race_Fault,3
0.6840821587802026,6.137611377245509,4.139756740110705,0.07350844137535585,4.486019185319479,3445.3125,0.2345072704906276,Outer_Race_Fault,3
0.6620774087416107,6.209895009980039,4.441422588214376,0.06622567102845259,4.689704653858366,3445.3125,0.21969198741874185,Outer_Race_Fault,3
0.6595317663119789,6.209895009980039,4.617043218697431,-0.026032324091137884,4.707805845884433,3445.3125,0.21801665572588344,Outer_Race_Fault,3
0.6583411712740721,6.105124351297405,4.599393769389178,-0.0043702415709742865,4.636748100899039,3445.3125,0.21723709152075496,Outer_Race_Fault,3
0.661555486532196,6.133956586826347,4.332220370524662,0.03374896601218831,4.636010668568331,3445.3125,0.2193401745838483,Outer_Race_Fault,3
0.6665371530045914,6.120961776447105,4.223426660791796,0.06157018099758525,4.591613347324498,3445.3125,0.22261818913933126,Outer_Race_Fault,3
0.6465705578970613,6.248473353293413,4.4146777505218155,0.09751427173376542,4.8320119722248585,3445.3125,0.20950509109648296,Outer_Race_Fault,3
0.6363783821580785,6.137205289421158,4.557048023690371,0.07351443940262846,4.821978135562008,3445.3125,0.20297187380438425,Outer_Race_Fault,3
0.6296248836517104,5.888679540918163,4.569263556293164,0.08496338616299967,4.676339590300884,3445.3125,0.198667792187432,Outer_Race_Fault,3
0.6447093566092533,5.888679540918163,4.452003253502255,0.09674850898147332,4.566925763175472,3445.3125,0.20825042849119452,Outer_Race_Fault,3
0.6499417667844163,5.884212574850299,4.143693669060224,0.07918467155002684,4.526722912394453,3445.3125,0.21164786799912363,Outer_Race_Fault,3
0.6457284030373642,5.757107085828343,4.311537985761954,0.051093951947300646,4.457839440504846,3445.3125,0.20892505036862596,Outer_Race_Fault,3
0.6433609278151684,5.757107085828343,4.636336134509785,0.023406203869875367,4.474243645304418,3445.3125,0.2073738472987235,Outer_Race_Fault,3
0.6371467473845445,5.942689221556886,4.700267573262402,0.023870314638876865,4.663516878922578,3445.3125,0.2033776502716984,Outer_Race_Fault,3
0.6382783392562329,5.942689221556886,4.644817391723756,0.02835525773069651,4.655249016034078,3445.3125,0.20409758079979143,Outer_Race_Fault,3
0.6489976055679385,6.511212175648702,4.693818007083092,0.005069159987718652,5.016360707487305,3445.3125,0.21099543294480685,Outer_Race_Fault,3
0.6673583511031528,6.511212175648702,4.669574204811914,0.020038838490283505,4.878347715950191,3445.3125,0.22306742879021274,Outer_Race_Fault,3
0.6547184837575765,6.419436327345309,5.008926295162603,0.08662469909284246,4.902440122434547,3445.3125,0.21470597982050338,Outer_Race_Fault,3
0.6564505564538976,6.2265446107784435,4.87453377200356,0.11348714186055563,4.742584608667121,3445.3125,0.21584081616535586,Outer_Race_Fault,3
0.6645409079278944,6.136799201596807,4.86177841406429,0.08508107665118379,4.617322371268283,3445.3125,0.22117476726237212,Outer_Race_Fault,3
0.6869540647486192,6.199336726546907,4.574253275541986,0.06474153013540532,4.512191603972431,3445.3125,0.23631026362991572,Outer_Race_Fault,3
0.6836665948394228,6.503496506986028,4.609822825190989,0.050333443335761466,4.756336316617566,3445.3125,0.2340627203980982,Outer_Race_Fault,3
0.6907465032305418,6.510400000000001,4.7879602782252695,0.047736868884119744,4.712582669294459,3445.3125,0.23891679001914679,Outer_Race_Fault,3
0.6905752929414614,6.334157884231537,4.741236627737432,0.052595287854781334,4.586145746144201,3445.3125,0.23877642883357394,Outer_Race_Fault,3
0.6893879128169855,6.1692862275449105,4.43306317462912,0.024018498344956687,4.474466488929212,3445.3125,0.23796265980859357,Outer_Race_Fault,3
0.6984587752265806,6.409690219560878,4.568226358801514,0.04516704835172002,4.588452781255106,3445.3125,0.24427472635571565,Outer_Race_Fault,3
0.6923691283485888,6.559942714570859,4.722535273247581,0.07293766628622342,4.7373160110542285,3445.3125,0.24000596149978837,Outer_Race_Fault,3
0.6979299023667727,6.3674570858283435,4.348207565519775,0.05494963468209139,4.5616737900435655,3445.3125,0.24383744320440576,Outer_Race_Fault,3
0.6883786605834742,6.255782934131736,4.607650161012459,0.05466531104893678,4.54385303637194,3445.3125,0.23723438321063495,Outer_Race_Fault,3
0.6934595207834942,6.497405189620759,4.665047042350334,0.0390924675181358,4.684776107969337,3445.3125,0.24075572042894966,Outer_Race_Fault,3
0.6965296048623375,6.497405189620759,4.798098164731343,0.013112548765719965,4.664127083948506,3445.3125,0.24288587146832463,Outer_Race_Fault,3
0.703793876281691,6.393852794411178,4.543744204357013,-0.01787353415457042,4.542418604287529,3445.3125,0.2479705178990537,Outer_Race_Fault,3
0.7097620780811705,6.53557744510978,4.3610845917414025,0.026924806259336315,4.604062154728385,3445.3125,0.2521902953661368,Outer_Race_Fault,3
0.6905937260646248,6.4182180638722555,4.599555354833336,0.09298670798472361,4.646884138700999,3445.3125,0.23875428088849376,Outer_Race_Fault,3
0.6921851310869525,6.545323552894212,4.731079436942691,0.019994126861025946,4.728015135644388,3445.3125,0.2398521148532012,Outer_Race_Fault,3
0.6859922653777667,6.545323552894212,4.706333616098097,0.01207836265936593,4.770697778414302,3445.3125,0.23559054958097642,Outer_Race_Fault,3
0.6967433393030068,6.184311477045908,4.4344754641356054,0.07904448071899164,4.438012628317651,3445.3125,0.24301127497215702,Outer_Race_Fault,3
0.69901685226551,6.245630738522953,4.221893402775109,0.0714011611346905,4.4674393172932065,3445.3125,0.24460647841121425,Outer_Race_Fault,3
0.6784577637921434,6.2691838323353295,4.375457539456019,0.05913113096647039,4.620172519874057,3445.3125,0.23045333828678757,Outer_Race_Fault,3
0.6634576398483617,6.222889820359281,4.739876329567582,0.06390047057902502,4.689741625238931,3445.3125,0.22036990639267465,Outer_Race_Fault,3
0.6589989116445829,6.231011576846308,4.792979249609447,0.0883897536490397,4.727634193883823,3445.3125,0.21742735626948875,Outer_Race_Fault,3
0.6656638098002036,6.367863173652696,4.634355778195725,0.1405775456662889,4.783092515998417,3445.3125,0.22185433029227747,Outer_Race_Fault,3
0.6737023387770973,6.204615868263472,4.200273181271582,0.08704090600190152,4.604864426866971,3445.3125,0.2272198213016721,Outer_Race_Fault,3
0.674875610567059,6.214768063872255,4.276815325656743,0.060214407602933284,4.604380397337477,3445.3125,0.22799635183682354,Outer_Race_Fault,3
0.6508326591803651,6.261062075848303,4.694441762062016,0.0819630877372104,4.810039867800469,3445.3125,0.21207062283150285,Outer_Race_Fault,3
0.6470736397474831,6.261062075848303,4.553122981277399,0.045862689910901526,4.837982643128259,3445.3125,0.20963786914657517,Outer_Race_Fault,3
0.6523152418868112,6.0003536926147705,4.461728573585984,0.06116588113819876,4.59927448211914,3445.3125,0.21302571159216294,Outer_Race_Fault,3
0.6647044587869994,6.213143712574849,4.285914931736086,0.04837593058562549,4.673613686835381,3445.3125,0.22119059725095358,Outer_Race_Fault,3
0.6615410431380354,6.073043413173652,4.10177667637655,0.03549066696807835,4.590073039433826,3445.3125,0.2190876617219955,Outer_Race_Fault,3
0.6541810315312455,6.284615169660679,4.1972442969288615,0.06787911132412063,4.803422039729769,3445.3125,0.21423339060179442,Outer_Race_Fault,3
0.645499845015961,6.284615169660679,4.586030011130694,0.053374472875926476,4.868022214246451,3445.3125,0.20859712934307376,Outer_Race_Fault,3
0.643512893637297,6.524613073852295,4.607122477520336,0.05153229419152452,5.069527851239731,3445.3125,0.20731850080777917,Outer_Race_Fault,3
0.6543914513393378,6.609485429141717,4.623958817221868,0.04105797132792679,5.050100681796908,3445.3125,0.21435999959193477,Outer_Race_Fault,3
0.6490868147839068,6.46979121756487,4.662214923318811,0.08862444731862883,4.983764166984955,3445.3125,0.21089449655850148,Outer_Race_Fault,3
0.6521630472764455,6.410502395209582,4.637903090055705,0.11383378751925605,4.914800387710585,3445.3125,0.2129140762877353,Outer_Race_Fault,3
0.6482062614057861,6.410502395209582,4.9416827034767286,0.01875400583442521,4.944801351738655,3445.3125,0.21032793269260508,Outer_Race_Fault,3
0.6466668690433945,6.180656686626747,4.799296110065015,-0.0006067709739596017,4.778856767294812,3445.3125,0.20931978914165889,Outer_Race_Fault,3
0.6425096385636275,6.2659351297405195,4.854219325963087,-0.017674080351955446,4.876140958560893,3445.3125,0.20662782425028076,Outer_Race_Fault,3
0.6648188965037283,6.498217365269461,4.481612465026985,0.03416412190893231,4.887208681524759,3445.3125,0.22121780958452,Outer_Race_Fault,3
0.667766445847229,6.365426646706586,4.2479804635615235,0.057921410447926036,4.766207321656038,3445.3125,0.22318710409923975,Outer_Race_Fault,3
0.660874627553274,6.521364371257485,4.724675753688768,0.013517342287502848,4.9338891972606325,3445.3125,0.21859590050941793,Outer_Race_Fault,3
0.6580939934741573,6.2740568862275445,4.808999668706541,0.07357011933812015,4.7668395004686515,3445.3125,0.21676717404202225,Outer_Race_Fault,3
0.6542162176381691,6.223295908183633,4.916917559997798,0.10461306610737844,4.756299018886128,3445.3125,0.21421637096747603,Outer_Race_Fault,3
0.6730943290305571,6.692733433133732,5.114935168893199,0.024361823396015354,4.971616268683416,3445.3125,0.2267184757510218,Outer_Race_Fault,3
0.6749676341456107,6.692733433133732,4.722249877510196,0.040639013090588524,4.957818045309347,3445.3125,0.22798315130942337,Outer_Race_Fault,3
0.6848497043190974,6.1002512974051895,4.165898091129898,0.11780947253455143,4.453715361876576,3445.3125,0.23470877595841144,Outer_Race_Fault,3
0.6765338067915051,6.562379241516966,4.816224640275176,0.11627228472535049,4.850000972338229,3445.3125,0.22903141737133773,Outer_Race_Fault,3
0.680135813585149,6.67933253493014,5.283672977236927,0.0744239115311227,4.910293210205969,3445.3125,0.23146991138471995,Outer_Race_Fault,3
0.6902758483837899,6.512836526946108,4.854851137180944,0.0360958310011455,4.717560770955008,3445.3125,0.23839528316158762,Outer_Race_Fault,3
0.6940223937859505,6.375984930139721,4.456718536507977,0.07029447273688204,4.593500863393029,3445.3125,0.24100307595047443,Outer_Race_Fault,3
0.7015708565175227,6.756895309381237,4.5579308456903025,0.11738759551037253,4.815547315435325,3445.3125,0.24629721503458055,Outer_Race_Fault,3
0.6839205159425984,6.756895309381237,4.910976039113346,0.09055964758445574,4.939824988338517,3445.3125,0.23404875202350053,Outer_Race_Fault,3
0.6896056894455351,6.550196606786427,5.094667669080666,0.08612899119541327,4.749233298852996,3445.3125,0.23794295582943586,Outer_Race_Fault,3
0.6907350046093674,6.5477600798403195,5.004992706219317,0.07382953829779529,4.7397048333631835,3339.84375,0.23872350364432446,Outer_Race_Fault,3
0.7095922683483081,6.666743812375249,4.535466543035576,0.019328293856787297,4.6975876920792725,3445.3125,0.2519287750950818,Outer_Race_Fault,3
0.7148042964872742,6.666743812375249,4.274123750728942,0.03828301451641582,4.663335017106979,3445.3125,0.25564094444806473,Outer_Race_Fault,3
0.6962695216645088,6.317102195608783,4.452186331162921,0.0502566627179865,4.536391439702154,3445.3125,0.24256262980611643,Outer_Race_Fault,3
0.683812801434022,6.3313152694610775,4.778176161329185,0.04211795615316558,4.629421426583192,3445.3125,0.23395961516231253,Outer_Race_Fault,3
0.6818190098137931,6.402786726546907,4.8517149613946415,0.04285297801681123,4.695371230772466,3445.3125,0.2325967260630366,Outer_Race_Fault,3
0.6918926958097364,6.437710279441118,4.604722777619629,-0.008054111241842058,4.652246163624355,3445.3125,0.23952251522983192,Outer_Race_Fault,3
0.679804536453283,6.261874251497005,4.410752914887173,0.0012910011224172148,4.605643178086772,3445.3125,0.23122402284560356,Outer_Race_Fault,3
0.6769307564249615,6.261874251497005,4.268459468974787,0.04606757128849208,4.625195555131451,3445.3125,0.2292751550188029,Outer_Race_Fault,3
0.6680602819568325,5.866344710578842,4.369208292860698,0.028049679002123875,4.390580363044171,3445.3125,0.22331161597445714,Outer_Race_Fault,3
0.6655370769573957,6.023906786427146,4.660765836989245,0.014725788294266766,4.525598193541939,3445.3125,0.22162496699735137,Outer_Race_Fault,3
0.665142374529905,6.107966966067864,4.786688139655229,-0.010684853193579754,4.59147334462394,3445.3125,0.22137281734176745,Outer_Race_Fault,3
0.6698897538562383,6.15669750499002,4.507082636193122,0.0069836631445830254,4.595306518385172,3445.3125,0.22453353615688204,Outer_Race_Fault,3
0.6625988019002174,6.245224650698603,4.447161718982061,0.08613889657389175,4.712674270454754,3445.3125,0.21965820556184082,Outer_Race_Fault,3
0.6498629634509926,6.070606886227544,4.540251433597468,0.07627944470789183,4.670682303535629,3445.3125,0.21130288472936973,Outer_Race_Fault,3
0.6421809698367821,5.95324750499002,4.718733525660371,-0.009040828710341972,4.635179010756974,3445.3125,0.20634073907003433,Outer_Race_Fault,3
0.641337048483395,6.358117065868264,4.794159703529074,0.0345709861533495,4.956923259699134,3445.3125,0.20579550299330945,Outer_Race_Fault,3
0.6485610377469194,6.358117065868264,4.707754468501679,0.1482231132479424,4.9017106300096,3445.3125,0.2104585802363442,Outer_Race_Fault,3
0.6427562014756237,5.995074550898204,4.7505865211728135,0.10420341848784381,4.663568034921219,3445.3125,0.20670376323544773,Outer_Race_Fault,3
0.6433447245297093,6.458014670658683,4.8728183943947405,-0.031104309706996385,5.019093515828197,3433.59375,0.20708633297863385,Outer_Race_Fault,3
0.6373719994219161,6.5262374251497,5.120374461640846,-0.015401072502441637,5.119645537510959,3433.59375,0.20326687642388636,Outer_Race_Fault,3
0.637651926430602,6.421466766467066,4.727026466121505,0.08138652176354928,5.035244543533845,3433.59375,0.2034460239352744,Outer_Race_Fault,3
0.6469735033323357,6.174565369261478,4.785191757993241,0.10718909452867044,4.771884271502957,3433.59375,0.20943127739114642,Outer_Race_Fault,3
0.6623340755337309,6.5903993013972055,4.799873268934601,0.08834613979253879,4.975132297161702,3445.3125,0.219498254622499,Outer_Race_Fault,3
0.6518126648712368,6.405629341317365,4.595878588065901,0.08570447752622538,4.913704263925873,3433.59375,0.21259621324006703,Outer_Race_Fault,3
0.6458313433378159,6.069794710578842,4.679259280099025,0.06452690238048432,4.699210384563131,3433.59375,0.20870605047311333,Outer_Race_Fault,3
0.6476929834013203,6.450705089820359,4.929581286326084,0.052842484486997104,4.979755266102216,3433.59375,0.20991073535750016,Outer_Race_Fault,3
0.6522524603115826,6.450705089820359,4.809160878132096,0.1251890076625611,4.944945003916767,3433.59375,0.21286090307882705,Outer_Race_Fault,3
0.6782851298686096,6.063703393213574,4.432633000040268,0.10805646399896131,4.469877877455586,3457.03125,0.23017230721031973,Outer_Race_Fault,3
0.6689565989898547,6.353650099800399,4.7317514152677775,0.02435138839748152,4.74892549785338,3457.03125,0.22390687769785717,Outer_Race_Fault,3
0.6641899653010638,6.471821656686627,4.999503387586427,0.04780657724137841,4.871965849222882,3457.03125,0.2207292649383267,Outer_Race_Fault,3
0.6549812897340758,6.471821656686627,4.885161034149684,0.08870403536975596,4.940463001099012,3457.03125,0.21463949326124246,Outer_Race_Fault,3
0.6618819391008977,6.443395508982036,4.942604292860183,0.10012761077635222,4.867480987421082,3457.03125,0.21917605397561735,Outer_Race_Fault,3
0.6897733593430558,6.448674650698603,4.993385376131137,0.05611872897566005,4.674488049843182,3457.03125,0.23801978733838655,Outer_Race_Fault,3
0.6873789393518573,6.477506886227545,4.608154218824068,0.00728099183699818,4.711743781628885,3457.03125,0.23636844760969797,Outer_Race_Fault,3
0.6860974570960768,6.447456387225548,4.4379978114769605,0.07147984071838283,4.698644719158817,3457.03125,0.2354874783198881,Outer_Race_Fault,3
